alan,sayfa,dosya,olcu,tur,durum,dosya_mevcut
Üretilen oyunlara açılan görsel,/,tasarim-girdileri/01-anasayfa/anasayfa-oyunlar.webp,1920x1080,fotoğraf,GTA yerine gerekli,False
People ve Places büyük sahnesi,/,tasarim-girdileri/01-anasayfa/anasayfa-topluluk-dunyasi.webp,2560x1440,fotoğraf,GTA yerine gerekli,False
Etkinlik kafeleri,/hakkimizda#mekanlar,tasarim-girdileri/03-hakkimizda/places/places-kafeler.webp,2560x1440,fotoğraf,GTA yerine gerekli,False
Salonlar ve buluşma alanları,/hakkimizda#mekanlar,tasarim-girdileri/03-hakkimizda/places/places-salonlar.webp,2560x1440,fotoğraf,GTA yerine gerekli,False
Sponsorlar alanı,/hakkimizda#mekanlar,tasarim-girdileri/03-hakkimizda/places/places-sponsorlar.webp,2560x1440,fotoğraf,GTA yerine gerekli,False
Derece oyunları penceresinin üst kapağı,/,tasarim-girdileri/06-oyunlar/derece-oyunlari-kapak.webp,1920x1080,fotoğraf,GTA yerine gerekli,False
1. derece oyununun ekran görüntüsü / kapak,"/oyunlar, /ulujam ve derece penceresi",tasarim-girdileri/06-oyunlar/oyun-01/oyun-01-kapak.webp,1600x900,fotoğraf,oyun içeriği bekleniyor,False
2. derece oyununun ekran görüntüsü / kapak,"/oyunlar, /ulujam ve derece penceresi",tasarim-girdileri/06-oyunlar/oyun-02/oyun-02-kapak.webp,1600x900,fotoğraf,oyun içeriği bekleniyor,False
3. derece oyununun ekran görüntüsü / kapak,"/oyunlar, /ulujam ve derece penceresi",tasarim-girdileri/06-oyunlar/oyun-03/oyun-03-kapak.webp,1600x900,fotoğraf,oyun içeriği bekleniyor,False
Menü varsayılan topluluk sahnesi,tüm genel sayfalar,tasarim-girdileri/00-ortak/menu-topluluk.webp,1920x1080,fotoğraf,GTA yerine gerekli,False
Menü topluluk satırı görseli,tüm genel sayfalar,tasarim-girdileri/00-ortak/menu-people.webp,1920x1080,fotoğraf,GTA yerine gerekli,False
Menü etkinlik/destek satırı görseli,tüm genel sayfalar,tasarim-girdileri/00-ortak/menu-places.webp,1920x1080,fotoğraf,GTA yerine gerekli,False
Üye 03 açılış kaydırma videosu,/hakkimizda#yonetim-kurulu,tasarim-girdileri/03-hakkimizda/people/sosyal-medya-ahmet/people-03-acilis.mp4,1920x1080,video,eski kişi düzeni; yeni ekip README ile yeniden eşlenecek,False
Üye 03 tek detay fotoğrafı / video kapağı,/hakkimizda#yonetim-kurulu,tasarim-girdileri/03-hakkimizda/people/sosyal-medya-ahmet/people-03-detay.webp,1600x1100,fotoğraf,eski kişi düzeni; yeni ekip README ile yeniden eşlenecek,False
Üye 05 tek detay fotoğrafı / video kapağı,/hakkimizda#yonetim-kurulu,tasarim-girdileri/03-hakkimizda/people/efe-tutucu/people-05-detay.webp,1600x1100,fotoğraf,eski kişi düzeni; yeni ekip README ile yeniden eşlenecek,False
Üye 06 açılış kaydırma videosu,/hakkimizda#yonetim-kurulu,tasarim-girdileri/03-hakkimizda/people/aybey/people-06-acilis.mp4,1920x1080,video,eski kişi düzeni; yeni ekip README ile yeniden eşlenecek,False
Üye 06 tek detay fotoğrafı / video kapağı,/hakkimizda#yonetim-kurulu,tasarim-girdileri/03-hakkimizda/people/aybey/people-06-detay.webp,1600x1100,fotoğraf,eski kişi düzeni; yeni ekip README ile yeniden eşlenecek,False
Üye 07 açılış kaydırma videosu,/hakkimizda#yonetim-kurulu,tasarim-girdileri/03-hakkimizda/people/dwayne-jesus-emir/people-07-acilis.mp4,1920x1080,video,eski kişi düzeni; yeni ekip README ile yeniden eşlenecek,False
Üye 07 tek detay fotoğrafı / video kapağı,/hakkimizda#yonetim-kurulu,tasarim-girdileri/03-hakkimizda/people/dwayne-jesus-emir/people-07-detay.webp,1600x1100,fotoğraf,eski kişi düzeni; yeni ekip README ile yeniden eşlenecek,False
Üye 08 açılış kaydırma videosu,/hakkimizda#yonetim-kurulu,tasarim-girdileri/03-hakkimizda/people/ex-smd-melek/people-08-acilis.mp4,1920x1080,video,eski kişi düzeni; yeni ekip README ile yeniden eşlenecek,False
Üye 08 tek detay fotoğrafı / video kapağı,/hakkimizda#yonetim-kurulu,tasarim-girdileri/03-hakkimizda/people/ex-smd-melek/people-08-detay.webp,1600x1100,fotoğraf,eski kişi düzeni; yeni ekip README ile yeniden eşlenecek,False
